{
  "data": [
    {
      "audio": [], 
      "authors": {}, 
      "details": {
        "authors": "", 
        "citation": "Museum Victoria Collections http://collections.museumvictoria.com.au/specimens/115\r\nAccessed 27 July 2016", 
        "class": "Stony", 
        "group": "Carbonaceous Chondrite", 
        "summary":"",
        "type": "CM2", 
        "typeofitem": "Specimen"
      }, 
      "group": "Geology", 
      "identifier": "1113", 
      "images": [
        {
          "alternateText": "http://collections.museumvictoria.com.au/specimens/115 ", 
          "credit": "Photographer: Rodney Start - Copyright Museum Victoria / CC BY", 
          "description": "Murchison meteorite", 
          "filename": "i_1113_1.jpg", 
          "licenseType": "Copyright Museum Victoria / CC BY"        },
        {
          "alternateText": "", 
          "credit": "Photographer: Rodney Start - Copyright Museum Victoria / CC BY", 
          "description": "Murchison meteorite", 
          "filename": "i_1113_2.jpg", 
          "licenseType": "Copyright Museum Victoria / CC BY"        }
      ], 
      "label": "Murchison meteorite", 
      "searchText": "", 
      "squareThumbnail": "t_1113.jpg", 
      "subgroup": "Meteorites and Tektites",
      "subgroupID" : "1",
      "sublabel": "Specimen E 4805", 
      "sublabelStyle": {}, 
      "template": "NHObject"
    }, 
    {
      "audio": [], 
      "authors": {}, 
      "details": {
        "authors": "", 
        "citation": "Museum Victoria Collections http://collections.museumvictoria.com.au/specimens/1063492\r\nAccessed 27 July 2016", 
        "class": "Equisetopsida", 
        "group": "", 
        "summary":"",
        "type": "", 
        "typeofitem": "Specimen"
        
      }, 
      "group": "Palaeontology", 
      "identifier": "1128", 
      "images": [
        {
          "alternateText": "http://collections.museumvictoria.com.au/specimens/1063492 ", 
          "credit": " Photographer: Rodney Start; Copyright Museum Victoria / CC BY", 
          "description": "<em>Baragwanathia longifolia<em>, fossil club moss. Registration no. P 15129. ", 
          "filename": "i_1128_1.jpg", 
          "licenseType": "Copyright Museum Victoria / CC BY"
        }, 
        {
          "alternateText": "http://collections.museumvictoria.com.au/specimens/1063492 ", 
          "credit": "Photographer: Rodney Start; Copyright Museum Victoria / CC BY", 
          "description": "<em>Baragwanathia longifolia</em>, fossil club moss. Registration no. P 15129.", 
          "filename": "i_1128_2.jpg", 
          "licenseType": "Copyright Museum Victoria / CC BY"
        }
      ], 
      "label": "Fossil Club Moss", 
      "searchText": "Baragwanathia longifolia Fossil Club Moss Equisetopsida", 
      "squareThumbnail": "t_1128.jpg", 
      "subgroup": "Palaeobotany",
      "subgroupID" : "2",
      "sublabel": "Baragwanathia longifolia", 
      "sublabelStyle": {}, 
      "template": "NHObject"
    }, 
    {
      "audio": [], 
      "authors": {}, 
      "details": {
        "authors": "", 
        "category": "Natural Sciences", 
        "citation": "Museum Victoria Collections http://collections.museumvictoria.com.au/specimens/139139\r\nAccessed 27 July 2016", 
        "collection": "Mammalogy ", 
        "physicaldescription": "", 
        "significance": "", 
        "summary": "Prepared hide of the racehorse Phar Lap, prepared by Jonas Brothers Studio, New York, 1932.\r\n\r\nPhar Lap was born on 4 October 1926 at the Seadown Stud of breeder A.F. Roberts, near Timaru on the South Island of New Zealand. He was foaled from the sire Night Raid and mare Entreaty, with an impressive pedigree that included such greats as the English racehorses Doncaster (1870-1892), Bend Or (1877-1903) and St Simon (1881-1908), and the New Zealand born Carbine (1885-1914), winner of the 1890 Melbourne Cup.\r\n\r\nListed simply as 'Lot 41', he was purchased on the recommendation of Sydney trainer Harry Telford, by the American-born businessman David J. Davis, for 160 guineas (\u00a3168), at the Annual New Zealand Thoroughbred Yearling Sales, at Trentham Racecourse in January 1928. He was registered as a racehorse under the name 'Phar Lap' by Davis on 3 December 1928 and began racing in Sydney early in the following year. After an unimpressive start as a two-year-old, Phar Lap finally found form to win the Rosehill Guineas in September 1929. From that point on he had an impressive run of 36 wins from 41 races, including wins in the AJC Derby, Victoria Derby, W.C. Cox Plate (twice), Futurity Stakes and the 1930 Melbourne Cup, which he won as the shortest priced favourite on record.\r\n\r\nHis best known jockeys were Jim Pike (1892-1969), with 27 wins from 30 starts, and Billy Elliot (1908-1941), with 7 wins from 7 starts.\r\n\r\nHis feats captured the public's imagination during the early years of the Great Depression and his successes were eagerly followed through the new mediums of radio and cinema newsreels.\r\n\r\nAfter failing to win the 1931 Melbourne Cup, carrying a race-record handicap weight of 10 stone 10 lbs (68 kg), Phar Lap was shipped to America, where he won the US$50,000 Agua Caliente Handicap at Tijuana, Mexico, on 20 March 1932. It was to be his last race. Two weeks later news was flashed across the globe that Phar Lap had died suddenly from a mysterious illness at Menlo Park, California on 5 April 1932. A subsequent autopsy suggested that the probable cause of death was either colic or a bacterial infection leading to severe stomach and intestinal inflammation, however, traces of arsenate of lead were also found in his stomach, leading to speculation that he may have been accidentally or intentionally poisoned.\r\n\r\nDavis arranged for Phar Lap's hide to be preserved and mounted in New York and it was offered to the National Museum of Victoria in Melbourne, where it first went on display in January 1933. Phar Lap's incredible career and tragic death have won him an enduring place in the heart of generations of Australians and he remains one of the Museum's most popular exhibits.", 
        "typeofitem": "Specimen",
        "class":"",
        "group":"",
        "type":""
      }, 
      "group": "Zoology", 
      "identifier": "1124", 
      "images": [
        {
          "alternateText": "http://collections.museumvictoria.com.au/specimens/139139 ", 
          "credit": " Photographer: Benjamin Healley; Copyright Museum Victoria / CC BY", 
          "description": "Equus caballus, taxidermied mount of the racehorse Phar Lap. Registration no. C 10726. ", 
          "filename": "i_1124_1.jpg", 
          "licenseType": "Copyright Museum Victoria / CC BY"
        }
      ], 
      "label": "Taxidermied Mount - Phar Lap, 1932", 
      "searchText": "Equus caballus Phar Lap", 
      "squareThumbnail": "t_1124.jpg", 
      "subgroup": "Mammalogy",
      "subgroupID" : "3",
      "sublabel": "Equus caballus", 
      "sublabelStyle": {}, 
      "template": "NHObject"
    }, 
    {
      "audio": [], 
      "authors": {}, 
      "details": {
        "authors": "", 
        "category": "  History & Technology", 
        "citation": "Museum Victoria Collections \r\nhttp://collections.museumvictoria.com.au/items/1206649\r\nAccessed 28 July 2016", 
        "collection": "", 
        "physicaldescription": "Obverse Description:\r\nSilver-gilt cross pattee with red enamelled arms with bow ribbon in the colour blue with red edges. At the centre of the cross is a bare head of George V facing left; on the cross arms in gold, 'FAITH HOPE CHARITY 1883'.\r\n\r\nReverse Description:\r\nNo enamelling; at the centre the Royal cypher, 'GRIV' (George V King and Emperor).\r\n\r\nEdge Description:\r\nPlain", 
        "significance": "", 
        "summary": "Decoration of Royal Red Cross, George V, 1st Class.\r\nThe medal is stored in its original Garrard & Co. black box with 'R.R.C. 1ST CLASS' printed in gold on the lid.\r\n\r\nThis decoration was instituted by Queen Victoria on 27 April 1883 in response to the increased role of nurses in military campaigns. It was available to women, British or foreign, for exceptional service in the field of naval or military nursing (it became available to male nurses in 1977). Until 1915 there was only one class, but in that year a second class, the Associate Royal Red Cross, was introduced.", 
        "typeofitem": "Object"
      }, 
      "group": "Historical Studies", 
      "identifier": "1132", 
      "images": [
        {
          "alternateText": "http://collections.museumvictoria.com.au/items/1206649 ", 
          "credit": "Copyright Museum Victoria / CC BY", 
          "description": "Decoration - Royal Red Cross, King George V, 1st Class, Great Britain, circa 1916 ", 
          "filename": "i_1132_1.jpg", 
          "licenseType": "Copyright Museum Victoria / CC BY"
    
        }, 
        {
          "alternateText": "http://collections.museumvictoria.com.au/items/1206649 ", 
          "credit": "Copyright Museum Victoria / CC BY", 
          "description": "Decoration - Royal Red Cross, King George V, 1st Class, Great Britain, circa 1916 - Obverse", 
          "filename": "i_1132_2.jpg",
          "licenseType": "Copyright Museum Victoria / CC BY"
        }, 
        {
          "alternateText": "http://collections.museumvictoria.com.au/items/1206649 ", 
          "credit": "Copyright Museum Victoria / CC BY ", 
          "description": "Decoration - Royal Red Cross, King George V, 1st Class, Great Britain, circa 1916", 
          "filename": "i_1132_3.jpg", 
          "licenseType": "Copyright Museum Victoria / CC BY"
        }
      ], 
      "label": "Royal Red Cross, King George V, 1st Class", 
      "searchText": "Decoration - Royal Red Cross, King George V, 1st Class, Great Britain, circa 1916", 
      "squareThumbnail": "t_1132.jpg", 
      "subgroup": "Numismatics & Philately",
      "subgroupID" : "4",
      "sublabel": "Decoration, Great Britain, circa 1916", 
      "sublabelStyle": {}, 
      "template": "HTObject"
    }, 
    {
      "audio": [], 
      "authors": {}, 
      "details": {
        "authors": "", 
        "category": "History & Technology", 
        "citation": "Museum Victoria Collections http://collections.museumvictoria.com.au/items/1800589 \nAccessed 27 July 2016", 
        "collection": "", 
        "physicaldescription": "Pocket compass sundial. The sundial made of brass, is moveable with a moveable arm that is hinged to the top of the compass. The compass is made of both brass and steel and has a glass lid and blue coloured dial.", 
        "significance": "This compass is a unique item of national significance to the early maritime exploration of Australia and in particular the Victorian coastline and Tasmania.\n\nThe compass was used by George Bass and his crew of six on the expedition in an unnamed whaleboat from Sydney to Westernport Bay between December 1797 and February 1798. This was the first European voyage to explore the Victorian coastline between Point Hicks and Westernport Bay. Notable features include the first European sighting of Wilsons Promontory, and the discovery and naming of Westernport Bay. The length of the voyage undertaken in an open boat, over 3000 kilometres, made Bass's skills in navigation and seafaring highly regarded at the time.\n\nThe voyage provided the strongest evidence to date that Tasmania was an island, separate from the mainland. Bass actually attempted a crossing of the strait on this voyage south of Wilsons promontory but bad weather forced him to turn back. Together with Matthew Flinders' separate voyage to the Furneaux Islands in February 1798, the whaleboat voyage prompted the mission to circumnavigate Tasmania undertaken by Bass and Flinders in the Norfolk between October 1798 and January 1799. After this voyage Flinders proposed naming the strait between Tasmania and the mainland Basses Strait (later Bass Strait) in honour of his friend's whaleboat voyage.\n\nThe provenance of the pocket compass and sundial before the whaleboat journey is not known, however presumably it travelled to New South Wales in 1795 aboard either the Reliance or the Supply. The pocket compass returned to England with George Bass in 1800. It then came into the possession of Elizabeth Waterhouse, who married Bass in September 1800, along with a note from Henry Waterhouse, captain of the Reliance, explaining the significance of the object. The compass was passed on through this family until sold at auction in 1998.", 
        "summary": "Pocket compass sundial used by George Bass on the whaleboat expedition that explored the coast of Victoria as far as Westernport Bay, 1797-98. The expedition provided the first European sighting of Wilsons Promontory and suggested the existence of Bass Strait separating Tasmania from the Australian mainland.\n\nThe pocket compass and sundial was manufactured in London by the eminent optical instrument maker Peter Dollond. After its use by Bass it was passed on through the family of Elizabeth Waterhouse, Bass' wife, before being purchased at auction in 1998 by Victorian surgeon William F. Wilson as part of an extensive collection relating to George Bass.", 
        "typeofitem": "Object"
      }, 
      "group": "Technology And Society", 
      "identifier": "1121", 
      "images": [
        {
          "alternateText": " Museum Victoria http://collections.museumvictoria.com.au/items/1800589 ", 
          "credit": "Copyright Museum Victoria / CC BY", 
          "description": "Pocket Compass Sundial - Dollond, London, circa 1790 ", 
          "filename": "i_1121_1.jpg", 
          "licenseType": "Copyright Museum Victoria / CC BY"
        }, 
        {
          "alternateText": "Museum Victoria http://collections.museumvictoria.com.au/items/1800589 ", 
          "credit": "Copyright Museum Victoria / CC BY", 
          "description": "Pocket Compass Sundial - Dollond, London, circa 1790", 
          "filename": "i_1121_2.jpg", 
          "licenseType": "Copyright Museum Victoria / CC BY"
        }
      ], 
      "label": "Pocket Compass Sundial", 
      "searchText": "HT 29959 Pocket Compass Sundial George Bass  circa 1790", 
      "squareThumbnail": "t_1121.jpg", 
      "subgroup": "Science and Measurement",
       "subgroupID" : "5",
      "sublabel": "George Bass, circa 1790 ", 
      "sublabelStyle": {}, 
      "template": "HTObject"
    }, 
    {
      "audio": [
        {
          "alternateText": "", 
          "credit": "Source:Museum Victoria - Public Domain", 
          "description": "Recording - Symphonion, Hansel and Gretel", 
          "filename": "a_1116_1.mp3", 
          "licenseType": "Public Domain"
        }
      ], 
      "authors": {}, 
      "details": {
        "authors": "", 
        "category": "History & Technology", 
        "citation": "Museum Victoria Collections http://collections.museumvictoria.com.au/items/407482\r\nAccessed 27 July 2016", 
        "collection": "Cole's Book Arcade Collection", 
        "physicaldescription": "Symphonion in tall oak and walnut case with carved and turned ornamentation. Pair of doors on front. Upper door has glass pane, through which is visible a thin perforated 64cm diameter metal disc. Lower door is a cupboard that tilts forward to provide storage for extra discs. It is opened with a metal handle. Carved pillars feature on either side of upper and lower doors. The top of the symphonion case is decorated with rails held by pieces of turned wood. The clockwork mechanism is wound with an external handle inserted into the right side of the case. A slot allows the user to insert a coin to activate the mechanism. Originally one penny was used. The mechanism turns the disc, causing its perforations to pluck against a metal comb, creating music.", 
        "significance": "Cole's Book Arcade opened in the Bourke Street Mall in 1883, after earlier operating from other sites. It was a shop like no other, crammed with new and second-hand books and other wares, but with the atmosphere of a circus. Cole enticed customers of all ages with a menagerie and fernery, a band, a clockwork symphonion and other mechanical delights. Readers could sit in comfortable chairs, encouraged by a sign: 'Read for as Long as You Like - Nobody Asked to Buy'. The Arcade's proprietor, Edward William Cole, was optimist and idealist, believing passionately in the power of education and envisaged a world without borders, expounding his views in pamphlets and books. Cole died in 1918, still dreaming of a better future. Cole's Book Arcade, one of the wonders of 'marvellous Melbourne', closed in 1929.", 
        "summary": "Alternative Names: Polyphon, Great German Music Box\r\n\r\nClockwork mechanical musical box for playing 25 1/4 inch (641 mm) diameter perforated metal discs. This type of instrument was developed by Paul Lochman of Leipzig, Germany, in 1885, and may be regarded as a forerunner of the juke-box. The symphonion and other mechanical music boxes were very popular in Europe and North America in the late 19th and early 20th centuries.\r\n\r\nThis symphonion was ordered from the Symphonion Company, Germany around 1889, by Charles Bassett, head of the Music Department at Cole's Book Arcade on Little Collins Street, Melbourne. It was originally set up to play once when a penny was dropped into the slot. This activated a clockwork mechanism that rotated a thin 641mm diameter metal disc with small projections on its surface. The projections plucked the teeth of a metal comb, causing music to play. It was modified in the late 1960s for decimal currency with A 240 v electric motor drive. It has now been restored to run by clockwork, and is still in operational condition.\r\n\r\nCole's Book Arcade closed in 1929, and the symphonion was acquired by Museum Victoria shortly afterwards.", 
        "typeofitem": "Object"
      }, 
      "group": "Technology And Society", 
      "identifier": "1116", 
      "images": [
        {
          "alternateText": "http://collections.museumvictoria.com.au/items/407482 ", 
          "credit": "Photographer: Jon Augier; Copyright Museum Victoria / CC BY", 
          "description": "Symphonion - Cole's Book Arcade, circa 1889", 
          "filename": "i_1116_1.jpg", 
          "licenseType": "Copyright Museum Victoria / CC BY"
        },
        {
          "alternateText": "http://collections.museumvictoria.com.au/items/407482 ", 
          "credit": "Photographer: Jon Augier; Copyright Museum Victoria / CC BY", 
          "description": "Symphonion - Cole's Book Arcade, circa 1889 ", 
          "filename": "i_1116_2.jpg", 
          "licenseType": "Copyright Museum Victoria / CC BY"
        }
      ], 
      "label": "Symphonion - Cole's Book Arcade", 
      "searchText": "Symphonion Cole's Book Arcade  Polyphon Great German Music Box Clockwork mechanical musical perforated metal discs", 
      "squareThumbnail": "t_1116.jpg", 
      "subgroup": "Information and Communication",
      "subgroupID" : "6",
      "sublabel": "Item ST 181124", 
      "sublabelStyle": {}, 
      "template": "HTObject"
    }
  ], 
  "galleryImages": [
   {
          "alternateText": "http://collections.museumvictoria.com.au/items/407482 ", 
          "credit": "Photographer: Jon Augier; Copyright Museum Victoria / CC BY", 
          "description": "Symphonion - Cole's Book Arcade, circa 1889", 
          "filename": "i_1116_1.jpg", 
          "licenseType": "Copyright Museum Victoria / CC BY"
        },
        {
          "alternateText": "http://collections.museumvictoria.com.au/items/407482 ", 
          "credit": "Photographer: Jon Augier; Copyright Museum Victoria / CC BY", 
          "description": "Symphonion - Cole's Book Arcade, circa 1889 ", 
          "filename": "i_1116_2.jpg", 
          "licenseType": "Copyright Museum Victoria / CC BY"
        }
  
  ],
    "superGroupList":[
     {
          "superGroupID":"1",
          "label": "Natural Sciences",
          "order": "2"
    },
    {
          "superGroupID":"2",
          "label": "Humanities",
          "order": "1"
    }
  ],
  "groupList": [
    {
      "groupid": "1090", 
      "highlightedImage": "t_1113.jpg",
      "label": "Geology", 
      "order": "0", 
      "standardImage": "t_1113.jpg", 
      "superGroupID":"1",
                "sublabel":"Géologie"
    }, 
    {
      "groupid": "1091", 
      "highlightedImage": "t_1128.jpg",
      "label": "Palaeontology", 
      "order": "1", 
      "standardImage": "t_1128.jpg",
                "superGroupID":"1",
                "sublabel":"Paléontologie"
    }, 
    {
      "groupid": "1096", 
      "highlightedImage": "t_1124.jpg",
      "label": "Zoology", 
      "order": "2", 
      "standardImage": "t_1124.jpg",
                "superGroupID":"1",
                "sublabel":"Zoologie"
    
    }, 
    {
      "groupid": "1089", 
      "highlightedImage": "t_1132.jpg",
      "label": "Historical Studies", 
      "order": "3", 
      "standardImage": "t_1132.jpg",
                "superGroupID":"2",
                "sublabel":"Des études historiques"
   
    }, 
    {
      "groupid": "1086", 
      "highlightedImage": "t_1116.jpg",
      "label": "Technology And Society", 
      "order": "4", 
      "standardImage": "t_1116.jpg",
                "superGroupID":"2",
                "sublabel":"Technologie et société"
      
    }
  ],
    
"subgroupList": [
    { "subgroupID": "1",
      "label":"Meteorites and Tektites",
      "sublabel": "Météorites et Tektites",
      "groupID" : "1090"
    },
                 { "subgroupID": "2",
                 "label":"Palaeobotany",
                 "sublabel": "Palaeobotany",
                 "groupID" : "1091"
                 },
                 { "subgroupID": "3",
                 "label":"Mammalogy",
                 "sublabel": "Mammalogie",
                 "groupID" : "1096"
                 },
                 { "subgroupID": "4",
                 "label":"Numismatics & Philately",
                 "sublabel": "Numismatique et philatélie",
                 "groupID" : "1089"
                 },
                 { "subgroupID": "5",
                 "label":"Science and Measurement",
                 "sublabel": "Sciences et évaluation",
                 "groupID" : "1086"
                 },
                 { "subgroupID": "6",
                 "label":"Information and Communication",
                 "sublabel": "Information et communication",
                 "groupID" : "1086"
                 }
    ],
  "templateList": [
    {
      "mobileTabs": [
        {
          "tabIcon": "tabBar2_images.png", 
          "tabLabel": "Images", 
          "tabName": "images", 
          "tabTemplate": "default"
        }, 
        {
          "tabIcon": "details.png", 
          "tabLabel": "Details", 
          "tabName": "details", 
          "tabTemplate": "NHObject-details-phone.html"
        }, 
        {
          "tabIcon": "further.png", 
          "tabLabel": "Further Info", 
          "tabName": "furtherInfo", 
          "tabTemplate": "NHObject-further-phone.html"
        }, 
        {
          "tabIcon": "audio.png", 
          "tabLabel": "Audio", 
          "tabName": "audio", 
          "tabTemplate": ""
        }, 
        {
          "tabIcon": "tabBar2_notes.png", 
          "tabLabel": "Notes", 
          "tabName": "usernotes", 
          "tabTemplate": "default"
        }
      ], 
      "tabletTemplate": "templateNHObject-ipad.html", 
      "templateName": "NHObject"
    }, 
    {
      "mobileTabs": [
        {
          "tabIcon": "tabBar2_images.png", 
          "tabLabel": "Images", 
          "tabName": "images", 
          "tabTemplate": "default"
        }, 
        {
          "tabIcon": "details.png", 
          "tabLabel": "Details", 
          "tabName": "details", 
          "tabTemplate": "htobject-details-phone.html"
        }, 
        {
          "tabIcon": "significance.png", 
          "tabLabel": "Significance", 
          "tabName": "significance", 
          "tabTemplate": "htobject-significance-phone.html"
        }, 
        {
          "tabIcon": "audio.png", 
          "tabLabel": "Audio", 
          "tabName": "audio", 
          "tabTemplate": ""
        }, 
        {
          "tabIcon": "tabBar2_notes.png", 
          "tabLabel": "Notes", 
          "tabName": "usernotes", 
          "tabTemplate": "default"
        }
      ], 
      "tabletTemplate": "htobject-tablet.html", 
      "templateName": "HTObject"
    }
  ], 
  "versionID": "2"
}
